"PROJECT_CONTACT_ID","CONTACT_NAME","EMAIL","PHONE_NUMBER","JOB_TITLE","PROJECT_ID"
"1","Bloodseeker","bloodseeker@gmail.com","9876545670","Seeker","1"
"2","Mirana","mirana@gmail.com","9876545671","Leaper","2"
"3","Cammy","cammy@gmail.com","9876545672","Farmer","3"
"4","Rubick","rubick@gmail.com","9876545673","Engineer","4"
"5","Magnus","magnus@gmail.com","9876545674","Scientist","5"
"6","Wraith","wraith@gmail.com","9876545605","Doctor","6"
"7","Mage","mage@gmail.com","9876545676","Wrestler","7"
"8","John","john@gmail.com","9876545677","Astronomer","8"
"9","Ryalia","ryalia@gmail.com","9876545678","Manager","9"
"10","Siddartha","sid@gmail.com","9876545679","Coordinator","10"
