"PROJECT_ID","PROJECT_NAME","START_DATE","END_DATE","PROJECT_COST","LOCATION","COUNTRY"
"1","Indonesia Summer 2001","01/02/2001","01/02/2002","2000","Kathmandu","Nepal"
"2","Finland Winter 2001","01/02/2003","01/02/2004","3000","Mustang","Nepal"
"4","CryEngine Demo","01/02/2007","01/02/2008","1234","Kulki","Nepal"
"5","Switzerland Summer 2001","01/02/2007","01/02/2008","20020","Baglung","Nepal"
"6","France Trance","01/02/2001","01/04/2002","2222","Biratnagar","Nepal"
"7","Summer 1995","01/02/2001","01/02/2002","2000","Birgung","Nepal"
"8","Lei The Summer Queen 1951","01/02/2005","01/10/2002","8922","Pokhara","Nepal"
"9","Malaysia Sinker 2001","01/02/2001","01/12/2001","9000","Manang","Nepal"
"10","Philiphines Genting 2001","01/02/2000","01/02/2002","2222","Maheshwswori","Nepal"
